{
  "norm_stats": {
    "state": {
      "mean": [
        0.0,
        0.0,
        0.0,
        0.0
      ],
      "std": [
        0.0,
        0.0,
        0.0,
        0.0
      ],
      "q01": [
        0.0,
        0.0,
        0.0,
        0.0
      ],
      "q99": [
        0.0,
        0.0,
        0.0,
        0.0
      ]
    },
    "actions": {
      "mean": [
        0.0,
        0.0,
        0.0,
        -0.0008415686315856874
      ],
      "std": [
        0.0,
        0.0,
        0.0,
        0.027607927098870277
      ],
      "q01": [
        0.0,
        0.0,
        0.0,
        -0.10000000149011612
      ],
      "q99": [
        0.0,
        0.0,
        0.0,
        0.09995999187231064
      ]
    }
  }
}